Account ID,Password,Balance
Muneeb,1111,70000
Lonny,1864*,11000
Cristiano,3277c@%U,5561
Gibbie,0717lx,4130
Alastair,3716MA#M,1578
Meggie,4868&w1+,1837
Morse,4118&>,2784
Ann-marie,8752yab},168
Tito,9477f,196
Pen,74508,2316
Kennedy,8708x,2276
Olly,2324.r,848
Gaven,724431jx,4588
Lula,5013UAWc,8783
Lexie,1194%R{q,6763
Vanya,0565*@,5500
Jeromy,6677,5779
Bret,2250cb5u,8760
Aggy,0777B,2116
Andromache,2753>Zgw,1881
Alfreda,"5338k""|",6417
Elvin,0694%J,7993
Errol,899,1160
Marcy,5841i,7649
Graham,4409xuAg,8318
Florette,"3450AXQ""",7250
Jarret,4344,3012
Maritsa,6223B>,1922
Hilly,4646&KG/,699
Sharline,6322dJB,4373
Gibby,0747&oaP,6136
Noellyn,14680nk,9991
Filmore,58242a'Y,6299
Angus,8550EL9,7820
Vincent,8552U,8920
Dal,9691G0,532
Damon,2296BT,7524
Merralee,0679?,9775
Laureen,1593,6296
Andriette,0625t,873
Nicole,2379sw,147
Annie,8914h',1593
Ali,0995tgi,9137
Guglielma,2072U51,4157
Westbrook,8869a},7489
Cord,18374Al,9379
Joachim,42283*e),61
Ursa,3672A,7725
Fara,8858,8498
Carmelia,9147Uf~,3647
Pacorro,75732h{,3420
Brandy,6015i,4411
Cly,7779|,372
Jessalin,9503,3703
Lorianne,3163l&}7,8617
Drake,8282Ph,8075
Angela,2628!d%C,2319
Donn,2813,8962
Modesty,3492sCh!,8094
Aurelea,18488,9162
Nadiya,7231&&8R,7178
Berti,9611,6229
Delbert,2342xk|e,882
Glen,5158,4971
Wren,959467I,9710
Moira,2328/S,9520
Blancha,1922?X,337
Petunia,04531co6,1317
Daffy,3533h5m,7055
Dillon,5550q2{,366
Rolph,9025?xX,2252
Silvano,8957y3t,979
Fee,5054Xdlp,9278
Belicia,8715yv,9948
Noble,6730>P,8623
Pepi,9956Q1,6526
Ansley,2793d&Ev,569
Franzen,2596t,4464
Corby,8228+,9588
Antonietta,0930C,6492
Tobe,2027q6nk,6499
Lauritz,3829,783
Marv,8830Vj,8149
Dredi,2899r,8710
Clara,1010,3174
Tildy,8750RiO,5735
Danette,5879Gt,1645
Hedvige,0987'{H<,2254
Wallace,9418M,4938
Lyda,53751)lr,1452
Mortimer,5456>T1,8546
Alanah,4792a7,1263
Maure,6014AwRE,5239
Lorilyn,5072?m,5565
Leoine,4316d!W,9971
Pierson,2085Q1j,8963
Roberto,5966s,123
Bianka,53339E,3948
Myriam,1445Zz6X,1221
Merrick,"5268""&Ci",9355
Hedwiga,9155~L*r,8287
Jennine,1745#B,5704
Darlleen,4048?W$y,2532
Gilberta,8787C'W,6117
Chaddy,3488d+M(,4613
Vernen,3756\$,1140
Leola,9875',7606
Tallulah,8206I~&,1763
Elmo,352,1688
Dona,6870G,5671
Malva,3590*oMh,4395
Lorri,5670Y,9192
Seline,4044,646
Even,9304,7563
Bondie,8294{NE{,3067
Nanine,539,813
Janis,7493!.,5548
Audie,7949Z,2157
Dita,3209xZB,6886
Iseabal,1127ZSg,6664
Tyler,1111,4920
Gian,6956\!,9903
Gunar,7209K,946
Myrtice,2968,5464
Sidoney,3542(k,227
Irma,15275ME,7406
Leila,0593&\,5057
Maridel,180,7602
Shaw,6996$B*%,611
Gratia,0103Uc&c,7482
Inez,4214$1,2012
Clyde,1611W,4599
Zaria,4456&R,6452
Keelby,9834Ae4,6723
Raoul,0136_n,2050
Ade,9700%B(,7407
Wayland,5531iwC,1352
Paquito,5783,3818
Ansell,8306Ty,3519
Killian,9572eh,8260
Patricio,0058wm,5074
Conrade,5247,1779
Barthel,8654rWjC,3310
Kinsley,5059B>=,1373
Toby,269746(,3161
Maude,7676p&1R,9436
Vanda,2950,6210
Zarah,7836Y<z,6849
Wendy,6088,583
Kessiah,3056I,7406
Reeta,7118Q*,6321
Gregorius,3751K,3953
Stan,7809&,471
Bobette,4454w_.,9462
Sofie,5903,6945
Bellina,3744,2651
Alika,"6232Er,j"
Pren,20974F_,4433
Bartolomeo,6613K_,7524
Orland,73965n5,7862
Fae,4905!,5501
Keane,6949,3627
Carl,1159m@,2732
Koren,9497&,9888
Hannie,2566iER),3066
Robinet,9321,5163
Oralia,9413&(,7682
Constantino,8927@)gG,8221
Crystal,9154THs,6756
Gabbie,8403,2581
Danielle,0305Ue,3700
Koenraad,0402NSu',1700
Julina,0143Z,3693
Weber,8791$_8,5664
Aeriel,1220*&s,8591
Krishnah,25603v,3213
Sybil,9691~Ig,553
Kandace,2569rT<I,7863
Hugues,6847`,8809
Florence,6148?u,7633
Taber,9392)Gvp,7772
Dieter,2090fP<O,2444
Veda,"0926G""f",7297
Horatia,"5283)G""",5797
Melonie,6844Af~,1315
Carlotta,85424gE,4251
Salvatore,1533Cw,8635
Delila,7977}b!Y,4732
Marcia,9109,3574
Cairistiona,9497O4I|,4217
Lillian,5406b,1147
Harriott,62413N4,4214
Mercedes,3130,1660
Felic,6843l,2909
Emlyn,6863{,3207
Jolene,5434k,626
Miguela,0890R,823
Witty,4549l@,6471
Berta,7420D!Uc,3277
Electra,8830(v,565
Perren,6115?bob,5037
Giffy,5940MGCK,5708
Livy,8725,4596
Gilligan,6671m,6588
Ange,5732h,5238
Andris,"6146,L"
Henrie,0842ku,8713
Adriana,7347,8059
Cilka,3130F\*},5886
Brigid,3377,1495
Jaynell,9960)G6Q,4846
Rupert,1775et,587
Talya,0869obRO,9876
Berthe,6111U,830
Arabele,3784So+l,6198
Salomon,61404\8q,9744
Homerus,7109,8283
Morry,8765(d,4032
Gran,2671D,261
Lucais,3974juV,1458
Doris,7788%C,6086
Stephenie,2490a,4575
Brina,1169vS,6358
Jerrie,235,8452
Filbert,9550`,8915
Arleen,1699#bm,8551
Wilfrid,4770SO5.,8447
Lemmie,7154PK=,3978
Tiebout,7627,3585
Meris,7833M,1664
Ari,3800pDc,6558
Norman,0453&++C,7120
Gael,0616.XV?,5193
Tonya,8529b,4905
Maynard,6461=v%,7817
Maribel,2330{,4876
Elinore,8356,8040
Gusta,5747,5018
Farlee,2035`,4934
Helyn,3422.*q|,6731
Yoshi,9895c5,818
Flin,6217I,2622
Aluino,3410',9078
Yulma,3619%d0>,3526
Gabi,9109u\bK,9860
Lilly,1938hb+x,598
Ingrim,978,4794
Sherye,0296l,2050
Stacy,4393Vk,2799
Morganne,9824o),886
Andree,77479,8579
Vilma,1693h/,5686
Syd,2137t,1495
Andeee,7750GwW.,8953
Cazzie,2065w@,6876
Quent,6631upty,8753
Carolee,45802|,7488
Florance,4763RV,2748
Mela,3788+oO,2051
Roz,2905,6801
Nicola,9884|#6@,6144
Felisha,0379xrj,2267
Margarita,64271t,5618
Con,1749w8,5455
Launce,9580#mx,8769
Tiebold,3105,5349
Davina,6976oY7H,4202
Adrienne,"2741P,"
Tamqrah,"756906""",6417
Pembroke,1620co.0,1326
Bary,6593|,2947
Myrlene,654,6957
Janka,1180=,702
Novelia,6630Fq,7509
Em,1641!F?,3943
Bessy,1164SZi,4330
Giulietta,1952O!,3673
Alla,6694<,4883
Mycah,2840l4,7271
Irma,5488Bw/.,4792
Caitlin,0958wa@,3574
Lenci,1122P<,2401
Irwin,2205lD~,7404
Jarret,2270Z,6249
Shep,3316u,4211
Yasmin,4673e+s,7278
Larina,7338,8892
Dynah,83010,259
Mikkel,3777M,8704
Judd,9181'8W,5959
Aretha,916%,7918
Abbi,4058wk,5313
Kahaleel,7046(,6061
Fanechka,3905Wv#U,7435
Ashley,6466q,7020
Cosette,7173,5530
Nico,1705nLl,3626
Maxwell,7665,1034
Darius,1464yP,1912
Yuri,4433,8283
Todd,2717,7625
Enrique,0768mSa,2713
Kelcey,3778PrMt,9354
Lil,1034,8473
Alley,5097`7tr,8383
Crysta,4759g,4673
Deonne,"3384#,"
Welsh,0500..,4886
Midge,9994Q,170
Veronica,"1394EE,"
Donny,2517x,9681
Whit,4615zuZk,3637
Giff,2964bm,8055
Rad,1157ugQ,6
Myrle,6670H,7903
Heath,4332,1761
Brendan,0107\YU,394
Colet,8852j(,4014
Mario,8261tV,3400
Orella,5453tj=,4895
Joyous,2242,7496
Gareth,"0109""m$G",1902
Bartlet,"5692""",7290
Niel,1433}n,1532
Ermin,6382Q2,9246
Storm,3212i7~u,8799
Brandice,3989_,1946
Lisetta,5162,3068
Lowe,2567,9222
Tymon,0488z(h,4310
Lem,2320A,8515
Belicia,9497C?,7751
Audrye,2602e=),8978
Ives,5943,2450
Opalina,3569pN,8976
Shalna,3556iU0t,3169
Paula,0269j,8943
Denys,30402/T,7687
Erroll,9841Q=,9960
Maurice,66520FTc,7457
Lauretta,9088$,7100
Markos,2946AA,2298
Lilllie,40531F,2195
Louella,5184oZH<,1443
Alex,7821sy,6039
Vanessa,1347,316
Damien,5200!5,7565
Edeline,7956h1,6080
Tomkin,6342&=,5782
Aldin,3907wOf,1741
Inigo,1278${C,3216
Bendicty,1983OVEi,6992
Ranice,8629V,4157
Cybill,9477G,8599
Delcina,5082y,7994
Oliy,1775uVM#,3286
Lynnet,3961,7618
Petra,4859,4019
Kamila,6541,3055
Nickolai,8751,9066
Robena,5000,5459
Justinian,3378c,2296
Bethany,25478#2,2274
Wilden,4688b>V,6898
Niel,7434,5102
Lisbeth,9616a(,4537
Fletcher,6691,3501
Louis,8305!jE,4731
Ernaline,"7558AP""",5019
Bevin,9124&,5346
Doralin,9100$T,7769
Atalanta,5739,643
Daria,2469ISl),3251
Merill,2072,1499
Jehu,8152iZ9,4239
Trula,47932N,9878
Cash,2917V#,1912
Lia,2329,3171
Borg,74257.f,5400
Leola,6291/NqB,6205
Heall,3416,2994
Mellisa,"2488c&v""",2614
Mike,1980,9198
Rozalie,2755Dac,6106
Robina,9577S@3,8220
Philbert,4535!e,1272
Irv,8383S2,6741
Steffane,387301{,1499
Fredi,6047,1043
Malorie,2390n,3634
Garrick,215,6328
Wynne,8937W6Mt,6464
Wakefield,0222W,3496
Conny,6917h,5978
Camella,0234WmU,6245
Delores,2585,2789
Clary,22856,7857
Milena,1292SD,4932
Darrelle,5967N\O,3451
Wendall,04655qZ,2715
Feliks,1908!,4361
Ephrem,9602,7415
Gusta,1566+E5e,5746
Milty,0819J,7026
Mag,6644}L,9056
Barnie,8649%,6119
Lucio,2240p,5502
Lenci,26165$U,8484
Edwin,1053xm2x,5263
Cora,2183,4873
Stanly,8086+)Y,3826
Gabriela,6628?aN,2238
Zorina,3682ZuNJ,3396
Cathleen,0729u},3652
Haleigh,6832t,9784
Abbye,7456hA~>,8226
Cross,0126w,9896
Abran,9043CIb,3845
Diandra,0002JmKy,9349
Winston,3384U/Um,8327
Levi,4621<,9505
Shayne,8469ES,1890
Halli,0645W,6618
Viviana,5545,7379
Claus,8788#,424
Richart,9553/l,4953
Chandra,7328~,2022
Yardley,7.79E+09,2484
Dela,3238,7728
Frederico,"0332""W6f",5073
Raphaela,4162s,4828
Nana,1032GA#u,1704
Dennie,2849~,7093
Corena,549,6001
Munmro,2002\N~u,4172
Gennifer,3587u,6078
Sandra,6011,3399
Jay,4787&7.),5205
Andee,8731>,7941
Tricia,1628,5897
Ladonna,5590)|,5461
Gillian,90230@,879
Rochester,9910O,6823
Celka,68301f,1722
Phillis,2589'o,7192
Philippine,3388,9186
Roxy,6618D,9167
Brigg,1953vG_u,9968
Ofella,2160~e,4158
Saba,6223o,1765
Felicia,612,4745
Abbie,7399('4v,4976
Aeriela,7727b,2300
Blakelee,9056D,1431
Auguste,8821,8614
Adrian,3919,3426
Beniamino,2519J,7030
Edward,3378kb,225
Yevette,4881c+ML,6327
Sharl,9125i/7,90
Jordain,41011,1652
Woodrow,5520,1255
Ainslee,1217AjL,9973
Fredrick,7642(,7162
Vivyanne,1095_PR,1296
Erika,77084#,9163
Marissa,8255nnK,6938
Isaac,8323Ux,2146
Constantina,3864gq,8678
Kiersten,5288Z<a,6007
Cheri,0948s?h,2712
Petr,7673'G&,7606
Lisbeth,2651oZX,3921
Marcelline,2216Y,5373
Kippy,0363GWl,75
Sallie,3337!,9685
Shandy,6205,8280
Sherman,"6010pK\""",9524
Jeralee,8673*<M,8598
Jennine,8738LYc,3318
Natala,6305EC.,7507
Elsa,4719$,6293
Walden,9066=?t,8031
Aloysius,0652c,295
Marylin,1254U=*,9617
Smitty,4631ocI,3888
Michal,9670U),8871
Piggy,9063,7859
Richard,4352,7003
Alejandrina,8250&K,3561
Jess,3398(pL\,6324
Heywood,9953qqSq,8138
Merv,4697Dnz+,6667
Val,7624Xa,6499
Clarke,3770pgo,3409
Terry,"6532V>S,"
